<bpy>
  <Theme>
    <user_interface>
      <ThemeUserInterface menu_shadow_fac="0.5"
                          menu_shadow_width="8"
                          icon_file=""
                          icon_alpha="0.95"
                          widget_emboss="#ffffff05"
                          axis_x="#ffffff"
                          axis_y="#ffffff"
                          axis_z="#ffffff">
        <wcol_regular>
          <ThemeWidgetColors outline="#000000"
                             inner="#64646459"
                             inner_sel="#222222af"
                             item="#a8a8a8ff"
                             text="#ffffff"
                             text_sel="#ffffff"
                             show_shaded="TRUE"
                             shadetop="25"
                             shadedown="-65">
          </ThemeWidgetColors>
        </wcol_regular>
        <wcol_tool>
          <ThemeWidgetColors outline="#000000"
                             inner="#64646459"
                             inner_sel="#222222bf"
                             item="#ffffffff"
                             text="#f8f8f8"
                             text_sel="#fffbec"
                             show_shaded="TRUE"
                             shadetop="25"
                             shadedown="-65">
          </ThemeWidgetColors>
        </wcol_tool>
        <wcol_radio>
          <ThemeWidgetColors outline="#000000"
                             inner="#64646459"
                             inner_sel="#00000073"
                             item="#323232ff"
                             text="#ffffff"
                             text_sel="#fffbed"
                             show_shaded="TRUE"
                             shadetop="25"
                             shadedown="-65">
          </ThemeWidgetColors>
        </wcol_radio>
        <wcol_text>
          <ThemeWidgetColors outline="#0d0d0d"
                             inner="#64646459"
                             inner_sel="#444444bf"
                             item="#555555ff"
                             text="#ffffff"
                             text_sel="#fffbec"
                             show_shaded="TRUE"
                             shadetop="25"
                             shadedown="-65">
          </ThemeWidgetColors>
        </wcol_text>
        <wcol_option>
          <ThemeWidgetColors outline="#0d0d0d"
                             inner="#5a5a5aff"
                             inner_sel="#5a5a5aff"
                             item="#ffffffff"
                             text="#ffffff"
                             text_sel="#ffffff"
                             show_shaded="FALSE"
                             shadetop="15"
                             shadedown="-5">
          </ThemeWidgetColors>
        </wcol_option>
        <wcol_toggle>
          <ThemeWidgetColors outline="#000000"
                             inner="#5d5d5d76"
                             inner_sel="#00000080"
                             item="#dadadaff"
                             text="#dfdfdf"
                             text_sel="#ffffff"
                             show_shaded="TRUE"
                             shadetop="25"
                             shadedown="-65">
          </ThemeWidgetColors>
        </wcol_toggle>
        <wcol_num>
          <ThemeWidgetColors outline="#080808"
                             inner="#64646459"
                             inner_sel="#35353559"
                             item="#ffffffff"
                             text="#dfdfdf"
                             text_sel="#fff1e9"
                             show_shaded="TRUE"
                             shadetop="25"
                             shadedown="-65">
          </ThemeWidgetColors>
        </wcol_num>
        <wcol_numslider>
          <ThemeWidgetColors outline="#0d0d0d"
                             inner="#1f1f1fff"
                             inner_sel="#242424ff"
                             item="#575757ff"
                             text="#ffffff"
                             text_sel="#ffffff"
                             show_shaded="TRUE"
                             shadetop="-15"
                             shadedown="30">
          </ThemeWidgetColors>
        </wcol_numslider>
        <wcol_box>
          <ThemeWidgetColors outline="#0d0d0d"
                             inner="#727272ff"
                             inner_sel="#5f5f5f8f"
                             item="#b6b6b6ff"
                             text="#ffffff"
                             text_sel="#fffefc"
                             show_shaded="TRUE"
                             shadetop="-35"
                             shadedown="-40">
          </ThemeWidgetColors>
        </wcol_box>
        <wcol_menu>
          <ThemeWidgetColors outline="#0d0d0d"
                             inner="#64646459"
                             inner_sel="#00000076"
                             item="#e9e9e9ff"
                             text="#ffffff"
                             text_sel="#ffffff"
                             show_shaded="TRUE"
                             shadetop="25"
                             shadedown="-65">
          </ThemeWidgetColors>
        </wcol_menu>
        <wcol_pulldown>
          <ThemeWidgetColors outline="#2e2e2e"
                             inner="#0001b1ff"
                             inner_sel="#3a3a3aff"
                             item="#00000000"
                             text="#ffffff"
                             text_sel="#ffffff"
                             show_shaded="FALSE"
                             shadetop="25"
                             shadedown="-20">
          </ThemeWidgetColors>
        </wcol_pulldown>
        <wcol_menu_back>
          <ThemeWidgetColors outline="#1d1d1d"
                             inner="#5a5a5af3"
                             inner_sel="#a3a3a366"
                             item="#f47421ff"
                             text="#eeeeee"
                             text_sel="#ffffff"
                             show_shaded="TRUE"
                             shadetop="-35"
                             shadedown="-55">
          </ThemeWidgetColors>
        </wcol_menu_back>
        <wcol_pie_menu>
          <ThemeWidgetColors outline="#0a0a0a"
                             inner="#191919e6"
                             inner_sel="#8c8c8cff"
                             item="#2d2d2de6"
                             text="#a0a0a0"
                             text_sel="#ffffff"
                             show_shaded="TRUE"
                             shadetop="10"
                             shadedown="-10">
          </ThemeWidgetColors>
        </wcol_pie_menu>
        <wcol_tooltip>
          <ThemeWidgetColors outline="#000000"
                             inner="#191919e6"
                             inner_sel="#2d2d2de6"
                             item="#646464ff"
                             text="#a8a8a8"
                             text_sel="#f47421"
                             show_shaded="FALSE"
                             shadetop="25"
                             shadedown="-20">
          </ThemeWidgetColors>
        </wcol_tooltip>
        <wcol_menu_item>
          <ThemeWidgetColors outline="#0d0d0d"
                             inner="#00000000"
                             inner_sel="#28282800"
                             item="#00000000"
                             text="#bdbdbd"
                             text_sel="#ffffff"
                             show_shaded="FALSE"
                             shadetop="64"
                             shadedown="-40">
          </ThemeWidgetColors>
        </wcol_menu_item>
        <wcol_scroll>
          <ThemeWidgetColors outline="#000000"
                             inner="#494949ff"
                             inner_sel="#838383c6"
                             item="#232323ff"
                             text="#dfdfdf"
                             text_sel="#ffffff"
                             show_shaded="TRUE"
                             shadetop="10"
                             shadedown="-5">
          </ThemeWidgetColors>
        </wcol_scroll>
        <wcol_progress>
          <ThemeWidgetColors outline="#555555"
                             inner="#555555ff"
                             inner_sel="#555555ff"
                             item="#d50004d6"
                             text="#dfdfdf"
                             text_sel="#ffffff"
                             show_shaded="FALSE"
                             shadetop="0"
                             shadedown="0">
          </ThemeWidgetColors>
        </wcol_progress>
        <wcol_list_item>
          <ThemeWidgetColors outline="#0d0d0d"
                             inner="#83838300"
                             inner_sel="#3c3c3c00"
                             item="#b9b9b900"
                             text="#9c9c9c"
                             text_sel="#ffffff"
                             show_shaded="FALSE"
                             shadetop="0"
                             shadedown="1">
          </ThemeWidgetColors>
        </wcol_list_item>
        <wcol_state>
          <ThemeWidgetStateColors inner_anim="#f0a400"
                                  inner_anim_sel="#f0a400"
                                  inner_key="#f0a400"
                                  inner_key_sel="#f0a400"
                                  inner_driven="#000000"
                                  inner_driven_sel="#333333"
                                  blend="0.65">
          </ThemeWidgetStateColors>
        </wcol_state>
      </ThemeUserInterface>
    </user_interface>
    <view_3d>
      <ThemeView3D grid="#636363"
                   clipping_border_3d="#df6e0000"
                   wire="#3b3b3b"
                   wire_edit="#000000"
                   gp_vertex="#000000"
                   gp_vertex_select="#ff8500"
                   gp_vertex_size="3"
                   text_grease_pencil="#b5e61d"
                   object_selected="#df6e00"
                   object_active="#df6e00"
                   object_grouped="#117211"
                   object_grouped_active="#65d665"
                   text_keyframe="#ff9f0a"
                   camera="#000000"
                   empty="#b15218"
                   lamp="#000000ff"
                   speaker="#aa4f17"
                   vertex="#b3b3b3"
                   vertex_select="#df6e00"
                   vertex_size="2"
                   vertex_unreferenced="#000000"
                   edge_select="#df6e00"
                   edge_seam="#f49a00"
                   edge_sharp="#ff4c00"
                   edge_crease="#f49a00"
                   edge_facesel="#4b4b4b"
                   freestyle_edge_mark="#7fff7f"
                   face="#75757500"
                   face_select="#df6e000d"
                   face_dot="#df6e00"
                   facedot_size="2"
                   freestyle_face_mark="#7fff7f33"
                   nurb_uline="#4f5358"
                   nurb_vline="#000000"
                   nurb_sel_uline="#df6e00"
                   nurb_sel_vline="#df6e00"
                   act_spline="#4f5358"
                   handle_free="#a5ca00"
                   handle_auto="#00c59a"
                   handle_vect="#409030"
                   handle_sel_vect="#82c036"
                   handle_align="#93237f"
                   handle_sel_free="#f47421"
                   handle_sel_auto="#f47421"
                   handle_sel_align="#f47421"
                   lastsel_point="#df6e00"
                   extra_edge_len="#ffffff"
                   extra_edge_angle="#ffffff"
                   extra_face_angle="#ffffff"
                   extra_face_area="#df6e00"
                   editmesh_active="#df6e0080"
                   normal="#19b6ee"
                   vertex_normal="#19b6ee"
                   split_normal="#dd23dd"
                   bone_pose="#50c8ff"
                   bone_pose_active="#8cffff"
                   bone_solid="#a1a1a1"
                   bundle_solid="#c8c8c8"
                   camera_path="#7dbd00"
                   skin_root="#000000"
                   view_overlay="#000000"
                   transform="#df6e00"
                   frame_current="#60c040"
                   paint_curve_handle="#7fff7f7f"
                   paint_curve_pivot="#ff7f7f7f"
                   outline_width="1">
        <space>
          <ThemeSpaceGradient title="#d3d3d3"
                              text="#000000"
                              text_hi="#ffffff"
                              header="#474747"
                              header_text="#c2c2c2"
                              header_text_hi="#ffffff"
                              button="#6d6d6dff"
                              button_title="#ebebeb"
                              button_text="#d1d1d1"
                              button_text_hi="#868686"
                              tab_active="#6d6d6d"
                              tab_inactive="#4e4e4e"
                              tab_back="#2c2c2cff"
                              tab_outline="#3f3f3f">
            <gradients>
              <ThemeGradientColors show_grad="FALSE"
                                   gradient="#313336"
                                   high_gradient="#3c3e3f">
              </ThemeGradientColors>
            </gradients>
            <panelcolors>
              <ThemePanelColors header="#3f3f3f00"
                                back="#6d6d6d80"
                                show_header="TRUE"
                                show_back="FALSE">
              </ThemePanelColors>
            </panelcolors>
          </ThemeSpaceGradient>
        </space>
      </ThemeView3D>
    </view_3d>
    <graph_editor>
      <ThemeGraphEditor grid="#242424"
                        frame_current="#f58032"
                        window_sliders="#95948f"
                        channels_region="#707070"
                        dopesheet_channel="#1d1d1d"
                        dopesheet_subchannel="#1d1d1d"
                        channel_group="#808080"
                        active_channels_group="#818181"
                        vertex="#ffffff"
                        vertex_select="#f49600"
                        vertex_size="4"
                        vertex_unreferenced="#000000"
                        handle_free="#a5ca00"
                        handle_auto="#00c59a"
                        handle_vect="#409030"
                        handle_sel_vect="#40c030"
                        handle_align="#93237f"
                        handle_sel_free="#f49600"
                        handle_sel_auto="#f49600"
                        handle_sel_align="#f49600"
                        handle_auto_clamped="#03aa60"
                        handle_sel_auto_clamped="#f49600"
                        lastsel_point="#fafafa"
                        handle_vertex="#bbbbbb"
                        handle_vertex_select="#f49600"
                        handle_vertex_size="4">
        <space>
          <ThemeSpaceGeneric back="#444444"
                             title="#9c9c9c"
                             text="#e9e9e9"
                             text_hi="#ffffff"
                             header="#474747"
                             header_text="#acacac"
                             header_text_hi="#ffffff"
                             button="#6d6d6dff"
                             button_title="#9c9c9c"
                             button_text="#9c9c9c"
                             button_text_hi="#ffffff"
                             tab_active="#6d6d6d"
                             tab_inactive="#4e4e4e"
                             tab_back="#303030ff"
                             tab_outline="#3c3c3c">
            <panelcolors>
              <ThemePanelColors header="#00000000"
                                back="#72727280"
                                show_header="TRUE"
                                show_back="FALSE">
              </ThemePanelColors>
            </panelcolors>
          </ThemeSpaceGeneric>
        </space>
        <space_list>
          <ThemeSpaceListGeneric list="#2c2c2c"
                                 list_title="#ffffff"
                                 list_text="#e2e2e2"
                                 list_text_hi="#f47421">
          </ThemeSpaceListGeneric>
        </space_list>
      </ThemeGraphEditor>
    </graph_editor>
    <file_browser>
      <ThemeFileBrowser selected_file="#cf621a">
        <space>
          <ThemeSpaceGeneric back="#2c2c2c"
                             title="#000000"
                             text="#b2b2b1"
                             text_hi="#0f0f0f"
                             header="#6e6e6e"
                             header_text="#838383"
                             header_text_hi="#ffffff"
                             button="#6d6d6dff"
                             button_title="#f1f1f1"
                             button_text="#ebebeb"
                             button_text_hi="#ffffff"
                             tab_active="#6d6d6d"
                             tab_inactive="#4e4e4e"
                             tab_back="#303030ff"
                             tab_outline="#3c3c3c">
            <panelcolors>
              <ThemePanelColors header="#00000000"
                                back="#72727280"
                                show_header="TRUE"
                                show_back="FALSE">
              </ThemePanelColors>
            </panelcolors>
          </ThemeSpaceGeneric>
        </space>
      </ThemeFileBrowser>
    </file_browser>
    <nla_editor>
      <ThemeNLAEditor grid="#000000"
                      view_sliders="#969696"
                      active_action="#1d1d1d00"
                      active_action_unset="#00000000"
                      strips="#0c0a0a"
                      strips_selected="#000000"
                      transition_strips="#000000"
                      transition_strips_selected="#000000"
                      meta_strips="#000000"
                      meta_strips_selected="#000000"
                      sound_strips="#000000"
                      sound_strips_selected="#000000"
                      tweak="#000000"
                      tweak_duplicate="#000000"
                      keyframe_border="#000000ff"
                      keyframe_border_selected="#000000ff"
                      frame_current="#f58032">
        <space>
          <ThemeSpaceGeneric back="#444444"
                             title="#000000"
                             text="#dfdfdf"
                             text_hi="#ffffff"
                             header="#474747"
                             header_text="#acacac"
                             header_text_hi="#ffffff"
                             button="#6d6d6dff"
                             button_title="#dfdfdf"
                             button_text="#dfdfdf"
                             button_text_hi="#ffffff"
                             tab_active="#6d6d6d"
                             tab_inactive="#4e4e4e"
                             tab_back="#303030ff"
                             tab_outline="#3c3c3c">
            <panelcolors>
              <ThemePanelColors header="#3f3f3f00"
                                back="#72727280"
                                show_header="TRUE"
                                show_back="FALSE">
              </ThemePanelColors>
            </panelcolors>
          </ThemeSpaceGeneric>
        </space>
        <space_list>
          <ThemeSpaceListGeneric list="#2c2c2c"
                                 list_title="#dfdfdf"
                                 list_text="#dfdfdf"
                                 list_text_hi="#ffffff">
          </ThemeSpaceListGeneric>
        </space_list>
      </ThemeNLAEditor>
    </nla_editor>
    <dopesheet_editor>
      <ThemeDopeSheet grid="#000000"
                      frame_current="#f58032"
                      value_sliders="#000000"
                      view_sliders="#b1b1b1"
                      dopesheet_channel="#1d1d1d"
                      dopesheet_subchannel="#1d1d1d"
                      channels="#00099c"
                      channels_selected="#141414"
                      channel_group="#252525"
                      active_channels_group="#111111"
                      long_key="#0c0a0a"
                      long_key_selected="#f47421"
                      keyframe="#e8e8e8"
                      keyframe_selected="#ffbe32"
                      keyframe_extreme="#e8b3cc"
                      keyframe_extreme_selected="#f28080"
                      keyframe_breakdown="#b3dbe8"
                      keyframe_breakdown_selected="#54bfed"
                      keyframe_jitter="#94e575"
                      keyframe_jitter_selected="#61c042"
                      keyframe_border="#000000ff"
                      keyframe_border_selected="#000000ff"
                      keyframe_scale_factor="1"
                      summary="#00000000">
        <space>
          <ThemeSpaceGeneric back="#444444"
                             title="#9c9c9c"
                             text="#e7e7e7"
                             text_hi="#ffffff"
                             header="#474747"
                             header_text="#cacaca"
                             header_text_hi="#ffffff"
                             button="#6d6d6dff"
                             button_title="#9c9c9c"
                             button_text="#9c9c9c"
                             button_text_hi="#ffffff"
                             tab_active="#6d6d6d"
                             tab_inactive="#4e4e4e"
                             tab_back="#303030ff"
                             tab_outline="#3c3c3c">
            <panelcolors>
              <ThemePanelColors header="#3f3f3f00"
                                back="#72727280"
                                show_header="TRUE"
                                show_back="FALSE">
              </ThemePanelColors>
            </panelcolors>
          </ThemeSpaceGeneric>
        </space>
        <space_list>
          <ThemeSpaceListGeneric list="#2c2c2c"
                                 list_title="#ffffff"
                                 list_text="#e2e2e2"
                                 list_text_hi="#f47421">
          </ThemeSpaceListGeneric>
        </space_list>
      </ThemeDopeSheet>
    </dopesheet_editor>
    <image_editor>
      <ThemeImageEditor gp_vertex="#000000"
                        gp_vertex_select="#ff8500"
                        gp_vertex_size="3"
                        vertex="#000000"
                        vertex_select="#f47421"
                        vertex_size="3"
                        vertex_unreferenced="#000000"
                        face="#ffffff0a"
                        face_select="#ff85003c"
                        face_dot="#f47421"
                        facedot_size="3"
                        freestyle_face_mark="#00000000"
                        editmesh_active="#ffffff80"
                        wire_edit="#c0c0c0"
                        edge_select="#ff8500"
                        scope_back="#3d3d3dff"
                        preview_stitch_face="#1242b026"
                        preview_stitch_edge="#ff8500b2"
                        preview_stitch_vert="#ff85007f"
                        preview_stitch_stitchable="#00ff00ff"
                        preview_stitch_unstitchable="#ff0000ff"
                        preview_stitch_active="#e1d2c323"
                        uv_shadow="#707070ff"
                        uv_others="#606060ff"
                        frame_current="#60c040"
                        metadatabg="#000000"
                        metadatatext="#ffffff"
                        handle_free="#000000"
                        handle_auto="#909000"
                        handle_align="#803060"
                        handle_sel_free="#000000"
                        handle_sel_auto="#f0ff40"
                        handle_sel_align="#f090a0"
                        handle_auto_clamped="#000000"
                        handle_sel_auto_clamped="#000000"
                        handle_vertex="#000000"
                        handle_vertex_select="#ffff00"
                        handle_vertex_size="5"
                        paint_curve_handle="#7fff7f7f"
                        paint_curve_pivot="#ff7f7f7f">
        <space>
          <ThemeSpaceGeneric back="#303030"
                             title="#dddddd"
                             text="#000000"
                             text_hi="#ffffff"
                             header="#474747"
                             header_text="#acacac"
                             header_text_hi="#ffffff"
                             button="#6d6d6dff"
                             button_title="#f0f0f0"
                             button_text="#dddddd"
                             button_text_hi="#ffffff"
                             tab_active="#6d6d6d"
                             tab_inactive="#4e4e4e"
                             tab_back="#303030ff"
                             tab_outline="#1d1d1d">
            <panelcolors>
              <ThemePanelColors header="#3f3f3f00"
                                back="#72727280"
                                show_header="TRUE"
                                show_back="FALSE">
              </ThemePanelColors>
            </panelcolors>
          </ThemeSpaceGeneric>
        </space>
      </ThemeImageEditor>
    </image_editor>
    <sequence_editor>
      <ThemeSequenceEditor gp_vertex="#000000"
                           gp_vertex_select="#ff8500"
                           gp_vertex_size="3"
                           grid="#3d3d3d"
                           window_sliders="#a0a0a0"
                           movie_strip="#516987"
                           movieclip_strip="#20208f"
                           image_strip="#6d5881"
                           scene_strip="#4e983e"
                           audio_strip="#2e8f8f"
                           effect_strip="#a9547c"
                           transition_strip="#a25f6f"
                           meta_strip="#6d9183"
                           text_strip="#a29700"
                           frame_current="#c06e11"
                           keyframe="#f47421"
                           draw_action="#50c8ff"
                           preview_back="#000000"
                           metadatabg="#000000"
                           metadatatext="#ffffff">
        <space>
          <ThemeSpaceGeneric back="#6d6d6d"
                             title="#acacac"
                             text="#acacac"
                             text_hi="#ffffff"
                             header="#474747"
                             header_text="#acacac"
                             header_text_hi="#ffffff"
                             button="#6d6d6dff"
                             button_title="#acacac"
                             button_text="#acacac"
                             button_text_hi="#ffffff"
                             tab_active="#6d6d6d"
                             tab_inactive="#4e4e4e"
                             tab_back="#303030ff"
                             tab_outline="#3c3c3c">
            <panelcolors>
              <ThemePanelColors header="#3f3f3f00"
                                back="#72727280"
                                show_header="TRUE"
                                show_back="FALSE">
              </ThemePanelColors>
            </panelcolors>
          </ThemeSpaceGeneric>
        </space>
      </ThemeSequenceEditor>
    </sequence_editor>
    <properties>
      <ThemeProperties>
        <space>
          <ThemeSpaceGeneric back="#6d6d6d"
                             title="#ffffff"
                             text="#f3f3f3"
                             text_hi="#ffffff"
                             header="#474747"
                             header_text="#acacac"
                             header_text_hi="#ffffff"
                             button="#6d6d6dff"
                             button_title="#000000"
                             button_text="#000000"
                             button_text_hi="#ffffff"
                             tab_active="#6d6d6d"
                             tab_inactive="#4e4e4e"
                             tab_back="#303030ff"
                             tab_outline="#3c3c3c">
            <panelcolors>
              <ThemePanelColors header="#3f3f3f00"
                                back="#72727280"
                                show_header="TRUE"
                                show_back="FALSE">
              </ThemePanelColors>
            </panelcolors>
          </ThemeSpaceGeneric>
        </space>
      </ThemeProperties>
    </properties>
    <text_editor>
      <ThemeTextEditor line_numbers_background="#191919"
                       selected_text="#747474"
                       cursor="#f4ffff"
                       syntax_builtin="#f47421"
                       syntax_symbols="#ffe100"
                       syntax_special="#f47421"
                       syntax_preprocessor="#9a00ce"
                       syntax_reserved="#af1b00"
                       syntax_comment="#6d6d6d"
                       syntax_string="#5ed800"
                       syntax_numbers="#fd9317">
        <space>
          <ThemeSpaceGeneric back="#292929"
                             title="#000000"
                             text="#e9e9e9"
                             text_hi="#f8f8f8"
                             header="#474747"
                             header_text="#acacac"
                             header_text_hi="#ffffff"
                             button="#6d6d6dff"
                             button_title="#70706d"
                             button_text="#95948f"
                             button_text_hi="#fcfcfc"
                             tab_active="#6d6d6d"
                             tab_inactive="#4e4e4e"
                             tab_back="#303030ff"
                             tab_outline="#3c3c3c">
            <panelcolors>
              <ThemePanelColors header="#3f3f3f00"
                                back="#72727280"
                                show_header="TRUE"
                                show_back="FALSE">
              </ThemePanelColors>
            </panelcolors>
          </ThemeSpaceGeneric>
        </space>
      </ThemeTextEditor>
    </text_editor>
    <timeline>
      <ThemeTimeline grid="#272727"
                     frame_current="#f47421"
                     time_keyframe="#ddd700"
                     time_grease_pencil="#b5e61d">
        <space>
          <ThemeSpaceGeneric back="#444444"
                             title="#000000"
                             text="#9c9c9c"
                             text_hi="#ffffff"
                             header="#474747"
                             header_text="#acacac"
                             header_text_hi="#ffffff"
                             button="#6d6d6dff"
                             button_title="#9c9c9c"
                             button_text="#9c9c9c"
                             button_text_hi="#ffffff"
                             tab_active="#6d6d6d"
                             tab_inactive="#4e4e4e"
                             tab_back="#303030ff"
                             tab_outline="#3c3c3c">
            <panelcolors>
              <ThemePanelColors header="#3f3f3f00"
                                back="#72727280"
                                show_header="TRUE"
                                show_back="FALSE">
              </ThemePanelColors>
            </panelcolors>
          </ThemeSpaceGeneric>
        </space>
      </ThemeTimeline>
    </timeline>
    <node_editor>
      <ThemeNodeEditor gp_vertex="#000000"
                       gp_vertex_select="#ff8500"
                       gp_vertex_size="3"
                       node_selected="#ffffff"
                       node_active="#ffffff"
                       wire="#f45b00"
                       wire_inner="#737373"
                       wire_select="#f4b696"
                       selected_text="#7f7070"
                       node_backdrop="#52524ed1"
                       converter_node="#93be00"
                       color_node="#6c696f"
                       group_node="#19b6ee"
                       group_socket_node="#dfca35"
                       frame_node="#9a9b9ba0"
                       matte_node="#977474"
                       distor_node="#749797"
                       noodle_curving="5"
                       input_node="#646464"
                       output_node="#646464"
                       filter_node="#6c696f"
                       vector_node="#6c696f"
                       texture_node="#6c696f"
                       shader_node="#6c696f"
                       script_node="#6c696f"
                       pattern_node="#6c696f"
                       layout_node="#6c696f">
        <space>
          <ThemeSpaceGeneric back="#444444"
                             title="#000000"
                             text="#eeedeb"
                             text_hi="#cbcbcb"
                             header="#474747"
                             header_text="#e0e0e0"
                             header_text_hi="#ffffff"
                             button="#6d6d6dff"
                             button_title="#e0e0e0"
                             button_text="#dddddd"
                             button_text_hi="#ffffff"
                             tab_active="#6d6d6d"
                             tab_inactive="#4e4e4e"
                             tab_back="#303030ff"
                             tab_outline="#1d1d1d">
            <panelcolors>
              <ThemePanelColors header="#3f3f3f00"
                                back="#72727280"
                                show_header="TRUE"
                                show_back="FALSE">
              </ThemePanelColors>
            </panelcolors>
          </ThemeSpaceGeneric>
        </space>
        <space_list>
          <ThemeSpaceListGeneric list="#2c2c2c"
                                 list_title="#acacac"
                                 list_text="#acacac"
                                 list_text_hi="#ffffff">
          </ThemeSpaceListGeneric>
        </space_list>
      </ThemeNodeEditor>
    </node_editor>
    <logic_editor>
      <ThemeLogicEditor>
        <space>
          <ThemeSpaceGeneric back="#6d6d6d"
                             title="#000000"
                             text="#acacac"
                             text_hi="#ffffff"
                             header="#474747"
                             header_text="#acacac"
                             header_text_hi="#ffffff"
                             button="#6d6d6dff"
                             button_title="#7d7d7d"
                             button_text="#acacac"
                             button_text_hi="#ffffff"
                             tab_active="#6d6d6d"
                             tab_inactive="#4e4e4e"
                             tab_back="#303030ff"
                             tab_outline="#3c3c3c">
            <panelcolors>
              <ThemePanelColors header="#3f3f3f00"
                                back="#72727280"
                                show_header="TRUE"
                                show_back="FALSE">
              </ThemePanelColors>
            </panelcolors>
          </ThemeSpaceGeneric>
        </space>
      </ThemeLogicEditor>
    </logic_editor>
    <outliner>
      <ThemeOutliner match="#337f33"
                     selected_highlight="#585858">
        <space>
          <ThemeSpaceGeneric back="#303030"
                             title="#000000"
                             text="#cccccc"
                             text_hi="#f47421"
                             header="#474747"
                             header_text="#acacac"
                             header_text_hi="#ffffff"
                             button="#6d6d6dff"
                             button_title="#000000"
                             button_text="#000000"
                             button_text_hi="#f47421"
                             tab_active="#6d6d6d"
                             tab_inactive="#4e4e4e"
                             tab_back="#303030ff"
                             tab_outline="#3c3c3c">
            <panelcolors>
              <ThemePanelColors header="#3f3f3f00"
                                back="#72727280"
                                show_header="TRUE"
                                show_back="FALSE">
              </ThemePanelColors>
            </panelcolors>
          </ThemeSpaceGeneric>
        </space>
      </ThemeOutliner>
    </outliner>
    <info>
      <ThemeInfo info_selected="#747474"
                 info_selected_text="#ffffff"
                 info_error="#dc0000"
                 info_error_text="#000000"
                 info_warning="#dc8060"
                 info_warning_text="#000000"
                 info_info="#00aa00"
                 info_info_text="#000000"
                 info_debug="#c4c4c4"
                 info_debug_text="#000000">
        <space>
          <ThemeSpaceGeneric back="#2e2e2e"
                             title="#eeedeb"
                             text="#eeedeb"
                             text_hi="#ffffff"
                             header="#797979"
                             header_text="#ffffff"
                             header_text_hi="#ffffff"
                             button="#6d6d6dff"
                             button_title="#eeedeb"
                             button_text="#eeedeb"
                             button_text_hi="#ffffff"
                             tab_active="#6d6d6d"
                             tab_inactive="#4e4e4e"
                             tab_back="#303030ff"
                             tab_outline="#3c3c3c">
            <panelcolors>
              <ThemePanelColors header="#555555ff"
                                back="#72727280"
                                show_header="TRUE"
                                show_back="FALSE">
              </ThemePanelColors>
            </panelcolors>
          </ThemeSpaceGeneric>
        </space>
      </ThemeInfo>
    </info>
    <user_preferences>
      <ThemeUserPreferences>
        <space>
          <ThemeSpaceGeneric back="#6d6d6d"
                             title="#000000"
                             text="#ebebe7"
                             text_hi="#ffffff"
                             header="#474747"
                             header_text="#d3d2cd"
                             header_text_hi="#ffffff"
                             button="#6d6d6dff"
                             button_title="#333333"
                             button_text="#202020"
                             button_text_hi="#ffffff"
                             tab_active="#6d6d6d"
                             tab_inactive="#4e4e4e"
                             tab_back="#303030ff"
                             tab_outline="#3c3c3c">
            <panelcolors>
              <ThemePanelColors header="#3f3f3f00"
                                back="#70707080"
                                show_header="TRUE"
                                show_back="FALSE">
              </ThemePanelColors>
            </panelcolors>
          </ThemeSpaceGeneric>
        </space>
      </ThemeUserPreferences>
    </user_preferences>
    <console>
      <ThemeConsole line_output="#97f500"
                    line_input="#c2c2c2"
                    line_info="#f47421"
                    line_error="#ff0000"
                    cursor="#f47421"
                    select="#f4742180">
        <space>
          <ThemeSpaceGeneric back="#2e2e2e"
                             title="#000000"
                             text="#000000"
                             text_hi="#ffffff"
                             header="#474747"
                             header_text="#acacac"
                             header_text_hi="#ffffff"
                             button="#6d6d6dff"
                             button_title="#000000"
                             button_text="#000000"
                             button_text_hi="#ffffff"
                             tab_active="#6d6d6d"
                             tab_inactive="#4e4e4e"
                             tab_back="#303030ff"
                             tab_outline="#3c3c3c">
            <panelcolors>
              <ThemePanelColors header="#3f3f3f00"
                                back="#72727280"
                                show_header="TRUE"
                                show_back="FALSE">
              </ThemePanelColors>
            </panelcolors>
          </ThemeSpaceGeneric>
        </space>
      </ThemeConsole>
    </console>
    <clip_editor>
      <ThemeClipEditor gp_vertex="#000000"
                       gp_vertex_select="#000000"
                       gp_vertex_size="1"
                       marker_outline="#000000"
                       marker="#76243b"
                       active_marker="#ffffff"
                       selected_marker="#d5ff00"
                       disabled_marker="#7f0000"
                       locked_marker="#7f7f7f"
                       path_before="#ff5100"
                       path_after="#19b6ee"
                       frame_current="#f47421"
                       strips="#0c0a0a"
                       strips_selected="#ff8c00"
                       handle_free="#000000"
                       handle_auto="#909000"
                       handle_align="#803060"
                       handle_sel_free="#000000"
                       handle_sel_auto="#f0ff40"
                       handle_sel_align="#f090a0"
                       handle_auto_clamped="#000000"
                       handle_sel_auto_clamped="#000000"
                       handle_vertex="#000000"
                       handle_vertex_select="#ffff00"
                       handle_vertex_size="5">
        <space>
          <ThemeSpaceGeneric back="#303030"
                             title="#9c9c9c"
                             text="#9c9c9c"
                             text_hi="#ffffff"
                             header="#474747"
                             header_text="#9c9c9c"
                             header_text_hi="#ffffff"
                             button="#6d6d6dff"
                             button_title="#c2c2c2"
                             button_text="#9c9c9c"
                             button_text_hi="#ffffff"
                             tab_active="#6d6d6d"
                             tab_inactive="#4e4e4e"
                             tab_back="#303030ff"
                             tab_outline="#1d1d1d">
            <panelcolors>
              <ThemePanelColors header="#3f3f3f00"
                                back="#72727280"
                                show_header="TRUE"
                                show_back="FALSE">
              </ThemePanelColors>
            </panelcolors>
          </ThemeSpaceGeneric>
        </space>
        <space_list>
          <ThemeSpaceListGeneric list="#666666"
                                 list_title="#000000"
                                 list_text="#000000"
                                 list_text_hi="#ffffff">
          </ThemeSpaceListGeneric>
        </space_list>
      </ThemeClipEditor>
    </clip_editor>
    <bone_color_sets>
      <ThemeBoneColorSet normal="#9a2400"
                         select="#bd3000"
                         active="#f74700"
                         show_colored_constraints="FALSE">
      </ThemeBoneColorSet>
      <ThemeBoneColorSet normal="#ff5d06"
                         select="#ff7b20"
                         active="#ff9248"
                         show_colored_constraints="FALSE">
      </ThemeBoneColorSet>
      <ThemeBoneColorSet normal="#7f9103"
                         select="#a8b700"
                         active="#c9ef1d"
                         show_colored_constraints="FALSE">
      </ThemeBoneColorSet>
      <ThemeBoneColorSet normal="#19a3d5"
                         select="#00d9ee"
                         active="#95f5ff"
                         show_colored_constraints="FALSE">
      </ThemeBoneColorSet>
      <ThemeBoneColorSet normal="#a9294e"
                         select="#c1416a"
                         active="#f05d91"
                         show_colored_constraints="TRUE">
      </ThemeBoneColorSet>
      <ThemeBoneColorSet normal="#430c78"
                         select="#543aa3"
                         active="#8764d5"
                         show_colored_constraints="FALSE">
      </ThemeBoneColorSet>
      <ThemeBoneColorSet normal="#24785a"
                         select="#3c9579"
                         active="#6fb6ab"
                         show_colored_constraints="FALSE">
      </ThemeBoneColorSet>
      <ThemeBoneColorSet normal="#4b707c"
                         select="#6a8691"
                         active="#9bc2cd"
                         show_colored_constraints="FALSE">
      </ThemeBoneColorSet>
      <ThemeBoneColorSet normal="#f4c90c"
                         select="#eec236"
                         active="#f3ff00"
                         show_colored_constraints="FALSE">
      </ThemeBoneColorSet>
      <ThemeBoneColorSet normal="#1e2024"
                         select="#484c56"
                         active="#ffffff"
                         show_colored_constraints="FALSE">
      </ThemeBoneColorSet>
      <ThemeBoneColorSet normal="#6f2f6a"
                         select="#9845be"
                         active="#d330d6"
                         show_colored_constraints="FALSE">
      </ThemeBoneColorSet>
      <ThemeBoneColorSet normal="#6c8e22"
                         select="#7fb022"
                         active="#bbef5b"
                         show_colored_constraints="FALSE">
      </ThemeBoneColorSet>
      <ThemeBoneColorSet normal="#8d8d8d"
                         select="#b0b0b0"
                         active="#dedede"
                         show_colored_constraints="FALSE">
      </ThemeBoneColorSet>
      <ThemeBoneColorSet normal="#834326"
                         select="#8b5811"
                         active="#bd6a11"
                         show_colored_constraints="FALSE">
      </ThemeBoneColorSet>
      <ThemeBoneColorSet normal="#08310e"
                         select="#1c430b"
                         active="#34622b"
                         show_colored_constraints="FALSE">
      </ThemeBoneColorSet>
      <ThemeBoneColorSet normal="#000000"
                         select="#000000"
                         active="#000000"
                         show_colored_constraints="FALSE">
      </ThemeBoneColorSet>
      <ThemeBoneColorSet normal="#000000"
                         select="#000000"
                         active="#000000"
                         show_colored_constraints="FALSE">
      </ThemeBoneColorSet>
      <ThemeBoneColorSet normal="#000000"
                         select="#000000"
                         active="#000000"
                         show_colored_constraints="FALSE">
      </ThemeBoneColorSet>
      <ThemeBoneColorSet normal="#000000"
                         select="#000000"
                         active="#000000"
                         show_colored_constraints="FALSE">
      </ThemeBoneColorSet>
      <ThemeBoneColorSet normal="#000000"
                         select="#000000"
                         active="#000000"
                         show_colored_constraints="FALSE">
      </ThemeBoneColorSet>
    </bone_color_sets>
  </Theme>
  <ThemeStyle>
    <panel_title>
      <ThemeFontStyle points="13"
                      font_kerning_style="FITTED"
                      shadow="1"
                      shadow_offset_x="0"
                      shadow_offset_y="-1"
                      shadow_alpha="0.125"
                      shadow_value="0">
      </ThemeFontStyle>
    </panel_title>
    <widget_label>
      <ThemeFontStyle points="12"
                      font_kerning_style="FITTED"
                      shadow="3"
                      shadow_offset_x="0"
                      shadow_offset_y="-1"
                      shadow_alpha="0.15"
                      shadow_value="1">
      </ThemeFontStyle>
    </widget_label>
    <widget>
      <ThemeFontStyle points="12"
                      font_kerning_style="FITTED"
                      shadow="0"
                      shadow_offset_x="0"
                      shadow_offset_y="0"
                      shadow_alpha="0.25"
                      shadow_value="0">
      </ThemeFontStyle>
    </widget>
  </ThemeStyle>
</bpy>
